region,year,map_name,map_year,type,url,request_headers
Amazon_Extension,2019,FROM_GLC,2017,URL,https://data-starcloud.pcl.ac.cn/api/en/resourceFile/download/1/1714157507995582474,FROM_GLC_Headers
Amazon_Extension,2019,FROM_GLC,2017,URL,https://data-starcloud.pcl.ac.cn/api/en/resourceFile/download/1/1714157507999776779,FROM_GLC_Headers
Amazon_Extension,2019,FROM_GLC,2017,URL,https://data-starcloud.pcl.ac.cn/api/en/resourceFile/download/1/1714157507999776788,FROM_GLC_Headers
Amazon_Extension,2019,FROM_GLC,2017,URL,https://data-starcloud.pcl.ac.cn/api/en/resourceFile/download/1/1714157507999776780,FROM_GLC_Headers
Amazon_Extension,2019,FROM_GLC,2017,URL,https://data-starcloud.pcl.ac.cn/api/en/resourceFile/download/1/1714157507991388160,FROM_GLC_Headers
Amazon_Extension,2019,FROM_GLC,2017,URL,https://data-starcloud.pcl.ac.cn/api/en/resourceFile/download/1/1714157507999776770,FROM_GLC_Headers
Amazon_Extension,2019,FROM_GLC,2017,URL,https://data-starcloud.pcl.ac.cn/api/en/resourceFile/download/1/1714157508003971080,FROM_GLC_Headers
Amazon_Extension,2019,FROM_GLC,2017,URL,https://data-starcloud.pcl.ac.cn/api/en/resourceFile/download/1/1714157507999776808,FROM_GLC_Headers
Amazon_Extension,2019,FROM_GLC,2017,URL,https://data-starcloud.pcl.ac.cn/api/en/resourceFile/download/1/1714157508008165387,FROM_GLC_Headers
Amazon_Extension,2019,FROM_GLC,2017,URL,https://data-starcloud.pcl.ac.cn/api/en/resourceFile/download/1/1714157507999776818,FROM_GLC_Headers
Amazon_Extension,2019,FROM_GLC,2017,URL,https://data-starcloud.pcl.ac.cn/api/en/resourceFile/download/1/1714157508003971088,FROM_GLC_Headers
Amazon_Extension,2019,FROM_GLC,2017,URL,https://data-starcloud.pcl.ac.cn/api/en/resourceFile/download/1/1714157508003971109,FROM_GLC_Headers
Amazon_Extension,2019,FROM_GLC,2017,URL,https://data-starcloud.pcl.ac.cn/api/en/resourceFile/download/1/1714157508003971120,FROM_GLC_Headers
Amazon_Extension,2019,FROM_GLC,2017,URL,https://data-starcloud.pcl.ac.cn/api/en/resourceFile/download/1/1714157508003971081,FROM_GLC_Headers
Amazon_Extension,2019,FROM_GLC,2017,URL,https://data-starcloud.pcl.ac.cn/api/en/resourceFile/download/1/1714157508003971106,FROM_GLC_Headers
Amazon_Extension,2019,FROM_GLC,2017,URL,https://data-starcloud.pcl.ac.cn/api/en/resourceFile/download/1/1714157508003971082,FROM_GLC_Headers
Amazon_Extension,2019,FROM_GLC,2017,URL,https://data-starcloud.pcl.ac.cn/api/en/resourceFile/download/1/1714157508003971110,FROM_GLC_Headers
Amazon_Extension,2019,FROM_GLC,2017,URL,https://data-starcloud.pcl.ac.cn/api/en/resourceFile/download/1/1714157508012359689,FROM_GLC_Headers
Amazon_Extension,2019,FROM_GLC,2017,URL,https://data-starcloud.pcl.ac.cn/api/en/resourceFile/download/1/1714157508012359701,FROM_GLC_Headers
Amazon_Extension,2019,FROM_GLC,2017,URL,https://data-starcloud.pcl.ac.cn/api/en/resourceFile/download/1/1714157508008165436,FROM_GLC_Headers
Amazon_Extension,2019,FROM_GLC,2017,URL,https://data-starcloud.pcl.ac.cn/api/en/resourceFile/download/1/1714157508008165430,FROM_GLC_Headers
Amazon_Extension,2019,FROM_GLC,2017,URL,https://data-starcloud.pcl.ac.cn/api/en/resourceFile/download/1/1714157508012359682,FROM_GLC_Headers
Amazon_Extension,2019,FROM_GLC,2017,URL,https://data-starcloud.pcl.ac.cn/api/en/resourceFile/download/1/1714157508008165417,FROM_GLC_Headers
Amazon_Extension,2019,FROM_GLC,2017,URL,https://data-starcloud.pcl.ac.cn/api/en/resourceFile/download/1/1714157508016554001,FROM_GLC_Headers
Amazon_Extension,2019,FROM_GLC,2017,URL,https://data-starcloud.pcl.ac.cn/api/en/resourceFile/download/1/1714157508020748304,FROM_GLC_Headers
Amazon_Extension,2019,FROM_GLC,2017,URL,https://data-starcloud.pcl.ac.cn/api/en/resourceFile/download/1/1714157508016554009,FROM_GLC_Headers
Amazon_Extension,2019,FROM_GLC,2017,URL,https://data-starcloud.pcl.ac.cn/api/en/resourceFile/download/1/1714157508020748307,FROM_GLC_Headers
Amazon_Extension,2019,FROM_GLC,2017,URL,https://data-starcloud.pcl.ac.cn/api/en/resourceFile/download/1/1714157508016553984,FROM_GLC_Headers
Amazon_Extension,2019,FROM_GLC,2017,URL,https://data-starcloud.pcl.ac.cn/api/en/resourceFile/download/1/1714157508020748288,FROM_GLC_Headers
Amazon_Extension,2019,FROM_GLC,2017,URL,https://data-starcloud.pcl.ac.cn/api/en/resourceFile/download/1/1714157508024942621,FROM_GLC_Headers
Amazon_Extension,2019,FROM_GLC,2017,URL,https://data-starcloud.pcl.ac.cn/api/en/resourceFile/download/1/1714157508024942608,FROM_GLC_Headers
Amazon_Extension,2019,FROM_GLC,2017,URL,https://data-starcloud.pcl.ac.cn/api/en/resourceFile/download/1/1714157508024942622,FROM_GLC_Headers
Amazon_Extension,2019,FROM_GLC,2017,URL,https://data-starcloud.pcl.ac.cn/api/en/resourceFile/download/1/1714157508024942638,FROM_GLC_Headers
Amazon_Extension,2019,FROM_GLC,2017,URL,https://data-starcloud.pcl.ac.cn/api/en/resourceFile/download/1/1714157508024942634,FROM_GLC_Headers
Amazon_Extension,2019,FROM_GLC,2017,URL,https://data-starcloud.pcl.ac.cn/api/en/resourceFile/download/1/1714157508020748344,FROM_GLC_Headers
Amazon_Extension,2019,FROM_GLC,2017,URL,https://data-starcloud.pcl.ac.cn/api/en/resourceFile/download/1/1714157508024942619,FROM_GLC_Headers
Amazon_Extension,2019,FROM_GLC,2017,URL,https://data-starcloud.pcl.ac.cn/api/en/resourceFile/download/1/1714157508020748318,FROM_GLC_Headers
Amazon_Extension,2019,FROM_GLC,2017,URL,https://data-starcloud.pcl.ac.cn/api/en/resourceFile/download/1/1714157508020748320,FROM_GLC_Headers
Amazon_Extension,2019,FROM_GLC,2017,URL,https://data-starcloud.pcl.ac.cn/api/en/resourceFile/download/1/1714157508029136958,FROM_GLC_Headers
Amazon_Extension,2019,FROM_GLC,2017,URL,https://data-starcloud.pcl.ac.cn/api/en/resourceFile/download/1/1714157508029136913,FROM_GLC_Headers
Amazon_Extension,2019,FROM_GLC,2017,URL,https://data-starcloud.pcl.ac.cn/api/en/resourceFile/download/1/1714157508033331233,FROM_GLC_Headers
Amazon_Extension,2019,FROM_GLC,2017,URL,https://data-starcloud.pcl.ac.cn/api/en/resourceFile/download/1/1714157508029136910,FROM_GLC_Headers
Amazon_Extension,2019,FROM_GLC,2017,URL,https://data-starcloud.pcl.ac.cn/api/en/resourceFile/download/1/1714157508029136925,FROM_GLC_Headers
Amazon_Extension,2019,FROM_GLC,2017,URL,https://data-starcloud.pcl.ac.cn/api/en/resourceFile/download/1/1714157508033331226,FROM_GLC_Headers
Amazon_Extension,2019,FROM_GLC,2017,URL,https://data-starcloud.pcl.ac.cn/api/en/resourceFile/download/1/1714157508029136904,FROM_GLC_Headers
Amazon_Extension,2019,FROM_GLC,2017,URL,https://data-starcloud.pcl.ac.cn/api/en/resourceFile/download/1/1714157508033331214,FROM_GLC_Headers
Amazon_Extension,2019,FROM_GLC,2017,URL,https://data-starcloud.pcl.ac.cn/api/en/resourceFile/download/1/1714157508029136943,FROM_GLC_Headers
Amazon_Extension,2019,FROM_GLC,2017,URL,https://data-starcloud.pcl.ac.cn/api/en/resourceFile/download/1/1714157508033331202,FROM_GLC_Headers
Amazon_Extension,2019,FROM_GLC,2017,URL,https://data-starcloud.pcl.ac.cn/api/en/resourceFile/download/1/1714157508033331255,FROM_GLC_Headers
Amazon_Extension,2019,FROM_GLC,2017,URL,https://data-starcloud.pcl.ac.cn/api/en/resourceFile/download/1/1714157508037525542,FROM_GLC_Headers
Amazon_Extension,2019,FROM_GLC,2017,URL,https://data-starcloud.pcl.ac.cn/api/en/resourceFile/download/1/1714157508033331258,FROM_GLC_Headers
Amazon_Extension,2019,FROM_GLC,2017,URL,https://data-starcloud.pcl.ac.cn/api/en/resourceFile/download/1/1714157508041719820,FROM_GLC_Headers
Amazon_Extension,2019,FROM_GLC,2017,URL,https://data-starcloud.pcl.ac.cn/api/en/resourceFile/download/1/1714157508041719821,FROM_GLC_Headers
Amazon_Extension,2019,FROM_GLC,2017,URL,https://data-starcloud.pcl.ac.cn/api/en/resourceFile/download/1/1714157508037525518,FROM_GLC_Headers
Amazon_Extension,2019,FROM_GLC,2017,URL,https://data-starcloud.pcl.ac.cn/api/en/resourceFile/download/1/1714157508041719841,FROM_GLC_Headers
Amazon_Extension,2019,FROM_GLC,2017,URL,https://data-starcloud.pcl.ac.cn/api/en/resourceFile/download/1/1714157508041719851,FROM_GLC_Headers
Amazon_Extension,2019,FROM_GLC,2017,URL,https://data-starcloud.pcl.ac.cn/api/en/resourceFile/download/1/1714157508045914137,FROM_GLC_Headers
Amazon_Extension,2019,FROM_GLC,2017,URL,https://data-starcloud.pcl.ac.cn/api/en/resourceFile/download/1/1714157508045914166,FROM_GLC_Headers
Amazon_Extension,2019,FROM_GLC,2017,URL,https://data-starcloud.pcl.ac.cn/api/en/resourceFile/download/1/1714157508041719830,FROM_GLC_Headers
Amazon_Extension,2019,FROM_GLC,2017,URL,https://data-starcloud.pcl.ac.cn/api/en/resourceFile/download/1/1714157508045914167,FROM_GLC_Headers
Amazon_Extension,2019,FROM_GLC,2017,URL,https://data-starcloud.pcl.ac.cn/api/en/resourceFile/download/1/1714157508050108424,FROM_GLC_Headers
Amazon_Extension,2019,FROM_GLC,2017,URL,https://data-starcloud.pcl.ac.cn/api/en/resourceFile/download/1/1714157508050108440,FROM_GLC_Headers
Amazon_Extension,2019,FROM_GLC,2017,URL,https://data-starcloud.pcl.ac.cn/api/en/resourceFile/download/1/1714157508054302740,FROM_GLC_Headers
Amazon_Extension,2019,FROM_GLC,2017,URL,https://data-starcloud.pcl.ac.cn/api/en/resourceFile/download/1/1714157508054302750,FROM_GLC_Headers
Amazon_Extension,2019,FROM_GLC,2017,URL,https://data-starcloud.pcl.ac.cn/api/en/resourceFile/download/1/1714157508050108459,FROM_GLC_Headers
Amazon_Extension,2019,FROM_GLC,2017,URL,https://data-starcloud.pcl.ac.cn/api/en/resourceFile/download/1/1714157508050108434,FROM_GLC_Headers
Amazon_Extension,2019,FROM_GLC,2017,URL,https://data-starcloud.pcl.ac.cn/api/en/resourceFile/download/1/1714157508050108432,FROM_GLC_Headers
Amazon_Extension,2019,FROM_GLC,2017,URL,https://data-starcloud.pcl.ac.cn/api/en/resourceFile/download/1/1714157508050108427,FROM_GLC_Headers
Amazon_Extension,2019,FROM_GLC,2017,URL,https://data-starcloud.pcl.ac.cn/api/en/resourceFile/download/1/1714157508054302769,FROM_GLC_Headers
Amazon_Extension,2019,FROM_GLC,2017,URL,https://data-starcloud.pcl.ac.cn/api/en/resourceFile/download/1/1714157508054302759,FROM_GLC_Headers
Amazon_Extension,2019,FROM_GLC,2017,URL,https://data-starcloud.pcl.ac.cn/api/en/resourceFile/download/1/1714157508058497073,FROM_GLC_Headers
Amazon_Extension,2019,FROM_GLC,2017,URL,https://data-starcloud.pcl.ac.cn/api/en/resourceFile/download/1/1714157508058497045,FROM_GLC_Headers
Amazon_Extension,2019,FROM_GLC,2017,URL,https://data-starcloud.pcl.ac.cn/api/en/resourceFile/download/1/1714157508054302777,FROM_GLC_Headers
Amazon_Extension,2019,FROM_GLC,2017,URL,https://data-starcloud.pcl.ac.cn/api/en/resourceFile/download/1/1714157508058497081,FROM_GLC_Headers
Amazon_Extension,2019,FROM_GLC,2017,URL,https://data-starcloud.pcl.ac.cn/api/en/resourceFile/download/1/1714157508066885641,FROM_GLC_Headers
Amazon_Extension,2019,FROM_GLC,2017,URL,https://data-starcloud.pcl.ac.cn/api/en/resourceFile/download/1/1714157508062691356,FROM_GLC_Headers
Amazon_Extension,2019,FROM_GLC,2017,URL,https://data-starcloud.pcl.ac.cn/api/en/resourceFile/download/1/1714157508062691357,FROM_GLC_Headers
Amazon_Extension,2019,FROM_GLC,2017,URL,https://data-starcloud.pcl.ac.cn/api/en/resourceFile/download/1/1714157508062691347,FROM_GLC_Headers
Amazon_Extension,2019,FROM_GLC,2017,URL,https://data-starcloud.pcl.ac.cn/api/en/resourceFile/download/1/1714157508066885663,FROM_GLC_Headers
Amazon_Extension,2019,FROM_GLC,2017,URL,https://data-starcloud.pcl.ac.cn/api/en/resourceFile/download/1/1714157508066885634,FROM_GLC_Headers
Amazon_Extension,2019,FROM_GLC,2017,URL,https://data-starcloud.pcl.ac.cn/api/en/resourceFile/download/1/1714157508062691352,FROM_GLC_Headers
Amazon_Extension,2019,FROM_GLC,2017,URL,https://data-starcloud.pcl.ac.cn/api/en/resourceFile/download/1/1714157508062691359,FROM_GLC_Headers
Amazon_Extension,2019,FROM_GLC,2017,URL,https://data-starcloud.pcl.ac.cn/api/en/resourceFile/download/1/1714157508075274261,FROM_GLC_Headers
Amazon_Extension,2019,FROM_GLC,2017,URL,https://data-starcloud.pcl.ac.cn/api/en/resourceFile/download/1/1714157508066885693,FROM_GLC_Headers
Amazon_Extension,2019,FROM_GLC,2017,URL,https://data-starcloud.pcl.ac.cn/api/en/resourceFile/download/1/1714157508071079997,FROM_GLC_Headers
Amazon_Extension,2019,FROM_GLC,2017,URL,https://data-starcloud.pcl.ac.cn/api/en/resourceFile/download/1/1714157508071079975,FROM_GLC_Headers
Amazon_Extension,2019,FROM_GLC,2017,URL,https://data-starcloud.pcl.ac.cn/api/en/resourceFile/download/1/1714157508071079973,FROM_GLC_Headers
Amazon_Extension,2019,FROM_GLC,2017,URL,https://data-starcloud.pcl.ac.cn/api/en/resourceFile/download/1/1714157508066885681,FROM_GLC_Headers
Amazon_Extension,2019,FROM_GLC,2017,URL,https://data-starcloud.pcl.ac.cn/api/en/resourceFile/download/1/1714157508066885680,FROM_GLC_Headers
Amazon_Extension,2019,FROM_GLC,2017,URL,https://data-starcloud.pcl.ac.cn/api/en/resourceFile/download/1/1714157508075274250,FROM_GLC_Headers
Amazon_Extension,2019,FROM_GLC,2017,URL,https://data-starcloud.pcl.ac.cn/api/en/resourceFile/download/1/1714157508071079963,FROM_GLC_Headers
Amazon_Extension,2019,FROM_GLC,2017,URL,https://data-starcloud.pcl.ac.cn/api/en/resourceFile/download/1/1714157508071079971,FROM_GLC_Headers
Amazon_Extension,2019,FROM_GLC,2017,URL,https://data-starcloud.pcl.ac.cn/api/en/resourceFile/download/1/1714157508066885682,FROM_GLC_Headers
Amazon_Extension,2019,FROM_GLC,2017,URL,https://data-starcloud.pcl.ac.cn/api/en/resourceFile/download/1/1714157508079468588,FROM_GLC_Headers
Amazon_Extension,2019,FROM_GLC,2017,URL,https://data-starcloud.pcl.ac.cn/api/en/resourceFile/download/1/1714157508075274280,FROM_GLC_Headers
Amazon_Extension,2019,FROM_GLC,2017,URL,https://data-starcloud.pcl.ac.cn/api/en/resourceFile/download/1/1714157508075274267,FROM_GLC_Headers
Amazon_Extension,2019,FROM_GLC,2017,URL,https://data-starcloud.pcl.ac.cn/api/en/resourceFile/download/1/1714157508075274299,FROM_GLC_Headers
Amazon_Extension,2019,FROM_GLC,2017,URL,https://data-starcloud.pcl.ac.cn/api/en/resourceFile/download/1/1714157508079468547,FROM_GLC_Headers
Amazon_Extension,2019,FROM_GLC,2017,URL,https://data-starcloud.pcl.ac.cn/api/en/resourceFile/download/1/1714157508079468587,FROM_GLC_Headers
Amazon_Extension,2019,FROM_GLC,2017,URL,https://data-starcloud.pcl.ac.cn/api/en/resourceFile/download/1/1714157508079468553,FROM_GLC_Headers
Amazon_Extension,2019,FROM_GLC,2017,URL,https://data-starcloud.pcl.ac.cn/api/en/resourceFile/download/1/1714157508087857159,FROM_GLC_Headers
Amazon_Extension,2019,FROM_GLC,2017,URL,https://data-starcloud.pcl.ac.cn/api/en/resourceFile/download/1/1714157508083662899,FROM_GLC_Headers
Amazon_Extension,2019,FROM_GLC,2017,URL,https://data-starcloud.pcl.ac.cn/api/en/resourceFile/download/1/1714157508083662897,FROM_GLC_Headers
Amazon_Extension,2019,FROM_GLC,2017,URL,https://data-starcloud.pcl.ac.cn/api/en/resourceFile/download/1/1714157508087857185,FROM_GLC_Headers
Amazon_Extension,2019,FROM_GLC,2017,URL,https://data-starcloud.pcl.ac.cn/api/en/resourceFile/download/1/1714157508083662898,FROM_GLC_Headers
Amazon_Extension,2019,FROM_GLC,2017,URL,https://data-starcloud.pcl.ac.cn/api/en/resourceFile/download/1/1714157508083662880,FROM_GLC_Headers
Amazon_Extension,2019,FROM_GLC,2017,URL,https://data-starcloud.pcl.ac.cn/api/en/resourceFile/download/1/1714157508087857167,FROM_GLC_Headers
Amazon_Extension,2019,FROM_GLC,2017,URL,https://data-starcloud.pcl.ac.cn/api/en/resourceFile/download/1/1714157508079468606,FROM_GLC_Headers
Amazon_Extension,2019,FROM_GLC,2017,URL,https://data-starcloud.pcl.ac.cn/api/en/resourceFile/download/1/1714157508083662908,FROM_GLC_Headers
Amazon_Extension,2019,FROM_GLC,2017,URL,https://data-starcloud.pcl.ac.cn/api/en/resourceFile/download/1/1714157508092051495,FROM_GLC_Headers
Amazon_Extension,2019,FROM_GLC,2017,URL,https://data-starcloud.pcl.ac.cn/api/en/resourceFile/download/1/1714157508092051511,FROM_GLC_Headers
Amazon_Extension,2019,FROM_GLC,2017,URL,https://data-starcloud.pcl.ac.cn/api/en/resourceFile/download/1/1714157508087857197,FROM_GLC_Headers
Amazon_Extension,2019,FROM_GLC,2017,URL,https://data-starcloud.pcl.ac.cn/api/en/resourceFile/download/1/1714157508092051508,FROM_GLC_Headers
Amazon_Extension,2019,FROM_GLC,2017,URL,https://data-starcloud.pcl.ac.cn/api/en/resourceFile/download/1/1714157508092051510,FROM_GLC_Headers
Amazon_Extension,2019,FROM_GLC,2017,URL,https://data-starcloud.pcl.ac.cn/api/en/resourceFile/download/1/1714157508100440100,FROM_GLC_Headers
Amazon_Extension,2019,FROM_GLC,2017,URL,https://data-starcloud.pcl.ac.cn/api/en/resourceFile/download/1/1714157508096245793,FROM_GLC_Headers
Amazon_Extension,2019,FROM_GLC,2017,URL,https://data-starcloud.pcl.ac.cn/api/en/resourceFile/download/1/1714157508096245809,FROM_GLC_Headers
Amazon_Extension,2019,FROM_GLC,2017,URL,https://data-starcloud.pcl.ac.cn/api/en/resourceFile/download/1/1714157508096245769,FROM_GLC_Headers
Amazon_Extension,2019,FROM_GLC,2017,URL,https://data-starcloud.pcl.ac.cn/api/en/resourceFile/download/1/1714157508104634415,FROM_GLC_Headers
Amazon_Extension,2019,FROM_GLC,2017,URL,https://data-starcloud.pcl.ac.cn/api/en/resourceFile/download/1/1714157508104634381,FROM_GLC_Headers
Amazon_Extension,2019,FROM_GLC,2017,URL,https://data-starcloud.pcl.ac.cn/api/en/resourceFile/download/1/1714157508104634393,FROM_GLC_Headers
Amazon_Extension,2019,FROM_GLC,2017,URL,https://data-starcloud.pcl.ac.cn/api/en/resourceFile/download/1/1714157508100440125,FROM_GLC_Headers
Amazon_Extension,2019,FROM_GLC,2017,URL,https://data-starcloud.pcl.ac.cn/api/en/resourceFile/download/1/1714157508104634395,FROM_GLC_Headers
Amazon_Extension,2019,FROM_GLC,2017,URL,https://data-starcloud.pcl.ac.cn/api/en/resourceFile/download/1/1714157508113023013,FROM_GLC_Headers
Amazon_Extension,2019,FROM_GLC,2017,URL,https://data-starcloud.pcl.ac.cn/api/en/resourceFile/download/1/1714157508113023030,FROM_GLC_Headers
Amazon_Extension,2019,FROM_GLC,2017,URL,https://data-starcloud.pcl.ac.cn/api/en/resourceFile/download/1/1714157508113023038,FROM_GLC_Headers
Amazon_Extension,2019,FROM_GLC,2017,URL,https://data-starcloud.pcl.ac.cn/api/en/resourceFile/download/1/1714157508108828705,FROM_GLC_Headers
Amazon_Extension,2019,FROM_GLC,2017,URL,https://data-starcloud.pcl.ac.cn/api/en/resourceFile/download/1/1714157508113023026,FROM_GLC_Headers
Amazon_Extension,2019,FROM_GLC,2017,URL,https://data-starcloud.pcl.ac.cn/api/en/resourceFile/download/1/1714157508113023007,FROM_GLC_Headers
Amazon_Extension,2019,FROM_GLC,2017,URL,https://data-starcloud.pcl.ac.cn/api/en/resourceFile/download/1/1714157508108828729,FROM_GLC_Headers
Amazon_Extension,2019,FROM_GLC,2017,URL,https://data-starcloud.pcl.ac.cn/api/en/resourceFile/download/1/1714157508113022990,FROM_GLC_Headers
Amazon_Extension,2019,FROM_GLC,2017,URL,https://data-starcloud.pcl.ac.cn/api/en/resourceFile/download/1/1714157508113022997,FROM_GLC_Headers
Amazon_Extension,2019,FROM_GLC,2017,URL,https://data-starcloud.pcl.ac.cn/api/en/resourceFile/download/1/1714157508117217322,FROM_GLC_Headers
Amazon_Extension,2019,FROM_GLC,2017,URL,https://data-starcloud.pcl.ac.cn/api/en/resourceFile/download/1/1714157508121411596,FROM_GLC_Headers
Amazon_Extension,2019,FROM_GLC,2017,URL,https://data-starcloud.pcl.ac.cn/api/en/resourceFile/download/1/1714157508121411587,FROM_GLC_Headers
Amazon_Extension,2019,FROM_GLC,2017,URL,https://data-starcloud.pcl.ac.cn/api/en/resourceFile/download/1/1714157508125605926,FROM_GLC_Headers
Amazon_Extension,2019,FROM_GLC,2017,URL,https://data-starcloud.pcl.ac.cn/api/en/resourceFile/download/1/1714157508125605904,FROM_GLC_Headers
Amazon_Extension,2019,FROM_GLC,2017,URL,https://data-starcloud.pcl.ac.cn/api/en/resourceFile/download/1/1714157508125605897,FROM_GLC_Headers
Amazon_Extension,2019,FROM_GLC,2017,URL,https://data-starcloud.pcl.ac.cn/api/en/resourceFile/download/1/1714157508129800199,FROM_GLC_Headers
Amazon_Extension,2019,FROM_GLC,2017,URL,https://data-starcloud.pcl.ac.cn/api/en/resourceFile/download/1/1714157508125605895,FROM_GLC_Headers
Amazon_Extension,2019,FROM_GLC,2017,URL,https://data-starcloud.pcl.ac.cn/api/en/resourceFile/download/1/1714157508121411638,FROM_GLC_Headers
Amazon_Extension,2019,FROM_GLC,2017,URL,https://data-starcloud.pcl.ac.cn/api/en/resourceFile/download/1/1714157508121411635,FROM_GLC_Headers
Amazon_Extension,2019,FROM_GLC,2017,URL,https://data-starcloud.pcl.ac.cn/api/en/resourceFile/download/1/1714157508125605927,FROM_GLC_Headers
Amazon_Extension,2019,FROM_GLC,2017,URL,https://data-starcloud.pcl.ac.cn/api/en/resourceFile/download/1/1714157508133994501,FROM_GLC_Headers
Amazon_Extension,2019,FROM_GLC,2017,URL,https://data-starcloud.pcl.ac.cn/api/en/resourceFile/download/1/1714157508133994499,FROM_GLC_Headers
Amazon_Extension,2019,FROM_GLC,2017,URL,https://data-starcloud.pcl.ac.cn/api/en/resourceFile/download/1/1714157508129800246,FROM_GLC_Headers
Amazon_Extension,2019,FROM_GLC,2017,URL,https://data-starcloud.pcl.ac.cn/api/en/resourceFile/download/1/1714157508133994516,FROM_GLC_Headers
Amazon_Extension,2019,FROM_GLC,2017,URL,https://data-starcloud.pcl.ac.cn/api/en/resourceFile/download/1/1714157508142383114,FROM_GLC_Headers
Amazon_Extension,2019,FROM_GLC,2017,URL,https://data-starcloud.pcl.ac.cn/api/en/resourceFile/download/1/1714157508138188827,FROM_GLC_Headers
Amazon_Extension,2019,FROM_GLC,2017,URL,https://data-starcloud.pcl.ac.cn/api/en/resourceFile/download/1/1714157508138188817,FROM_GLC_Headers
Amazon_Extension,2019,FROM_GLC,2017,URL,https://data-starcloud.pcl.ac.cn/api/en/resourceFile/download/1/1714157508138188844,FROM_GLC_Headers
Amazon_Extension,2019,FROM_GLC,2017,URL,https://data-starcloud.pcl.ac.cn/api/en/resourceFile/download/1/1714157508138188819,FROM_GLC_Headers
Amazon_Extension,2019,FROM_GLC,2017,URL,https://data-starcloud.pcl.ac.cn/api/en/resourceFile/download/1/1714157508142383162,FROM_GLC_Headers
Amazon_Extension,2019,FROM_GLC,2017,URL,https://data-starcloud.pcl.ac.cn/api/en/resourceFile/download/1/1714157508146577415,FROM_GLC_Headers
Amazon_Extension,2019,FROM_GLC,2017,URL,https://data-starcloud.pcl.ac.cn/api/en/resourceFile/download/1/1714157508150771714,FROM_GLC_Headers
Amazon_Extension,2019,FROM_GLC,2017,URL,https://data-starcloud.pcl.ac.cn/api/en/resourceFile/download/1/1714157508146577467,FROM_GLC_Headers
Amazon_Extension,2019,FROM_GLC,2017,URL,https://data-starcloud.pcl.ac.cn/api/en/resourceFile/download/1/1714157508146577414,FROM_GLC_Headers
Amazon_Extension,2019,FROM_GLC,2017,URL,https://data-starcloud.pcl.ac.cn/api/en/resourceFile/download/1/1714157508146577433,FROM_GLC_Headers
Amazon_Extension,2019,FROM_GLC,2017,URL,https://data-starcloud.pcl.ac.cn/api/en/resourceFile/download/1/1714157508142383144,FROM_GLC_Headers
Amazon_Extension,2019,FROM_GLC,2017,URL,https://data-starcloud.pcl.ac.cn/api/en/resourceFile/download/1/1714157508146577428,FROM_GLC_Headers
Amazon_Extension,2019,FROM_GLC,2017,URL,https://data-starcloud.pcl.ac.cn/api/en/resourceFile/download/1/1714157508146577452,FROM_GLC_Headers
Amazon_Extension,2019,FROM_GLC,2017,URL,https://data-starcloud.pcl.ac.cn/api/en/resourceFile/download/1/1714157508146577453,FROM_GLC_Headers
Amazon_Extension,2019,FROM_GLC,2017,URL,https://data-starcloud.pcl.ac.cn/api/en/resourceFile/download/1/1714157508150771756,FROM_GLC_Headers
Amazon_Extension,2019,FROM_GLC,2017,URL,https://data-starcloud.pcl.ac.cn/api/en/resourceFile/download/1/1714157508150771741,FROM_GLC_Headers
Amazon_Extension,2019,FROM_GLC,2017,URL,https://data-starcloud.pcl.ac.cn/api/en/resourceFile/download/1/1714157508150771726,FROM_GLC_Headers
Amazon_Extension,2019,FROM_GLC,2017,URL,https://data-starcloud.pcl.ac.cn/api/en/resourceFile/download/1/1714157508150771764,FROM_GLC_Headers
Amazon_Extension,2019,FROM_GLC,2017,URL,https://data-starcloud.pcl.ac.cn/api/en/resourceFile/download/1/1714157508154966028,FROM_GLC_Headers
Amazon_Extension,2019,FROM_GLC,2017,URL,https://data-starcloud.pcl.ac.cn/api/en/resourceFile/download/1/1714157508154966037,FROM_GLC_Headers
Amazon_Extension,2019,FROM_GLC,2017,URL,https://data-starcloud.pcl.ac.cn/api/en/resourceFile/download/1/1714157508150771758,FROM_GLC_Headers
Amazon_Extension,2019,FROM_GLC,2017,URL,https://data-starcloud.pcl.ac.cn/api/en/resourceFile/download/1/1714157508159160354,FROM_GLC_Headers
Amazon_Extension,2019,FROM_GLC,2017,URL,https://data-starcloud.pcl.ac.cn/api/en/resourceFile/download/1/1714157508163354634,FROM_GLC_Headers
Amazon_Extension,2019,FROM_GLC,2017,URL,https://data-starcloud.pcl.ac.cn/api/en/resourceFile/download/1/1714157508154966074,FROM_GLC_Headers
Amazon_Extension,2019,FROM_GLC,2017,URL,https://data-starcloud.pcl.ac.cn/api/en/resourceFile/download/1/1714157508159160326,FROM_GLC_Headers
Amazon_Extension,2019,FROM_GLC,2017,URL,https://data-starcloud.pcl.ac.cn/api/en/resourceFile/download/1/1714157508159160360,FROM_GLC_Headers
Amazon_Extension,2019,FROM_GLC,2017,URL,https://data-starcloud.pcl.ac.cn/api/en/resourceFile/download/1/1714157508163354633,FROM_GLC_Headers
Amazon_Extension,2019,FROM_GLC,2017,URL,https://data-starcloud.pcl.ac.cn/api/en/resourceFile/download/1/1714157508154966072,FROM_GLC_Headers
Amazon_Extension,2019,FROM_GLC,2017,URL,https://data-starcloud.pcl.ac.cn/api/en/resourceFile/download/1/1714157508159160336,FROM_GLC_Headers
Amazon_Extension,2019,FROM_GLC,2017,URL,https://data-starcloud.pcl.ac.cn/api/en/resourceFile/download/1/1714157508163354661,FROM_GLC_Headers
Amazon_Extension,2019,FROM_GLC,2017,URL,https://data-starcloud.pcl.ac.cn/api/en/resourceFile/download/1/1714157508167548960,FROM_GLC_Headers
Amazon_Extension,2019,FROM_GLC,2017,URL,https://data-starcloud.pcl.ac.cn/api/en/resourceFile/download/1/1714157508167548983,FROM_GLC_Headers
Amazon_Extension,2019,FROM_GLC,2017,URL,https://data-starcloud.pcl.ac.cn/api/en/resourceFile/download/1/1714157508167548949,FROM_GLC_Headers
Amazon_Extension,2019,FROM_GLC,2017,URL,https://data-starcloud.pcl.ac.cn/api/en/resourceFile/download/1/1714157508167548944,FROM_GLC_Headers
Amazon_Extension,2019,FROM_GLC,2017,URL,https://data-starcloud.pcl.ac.cn/api/en/resourceFile/download/1/1714157508163354678,FROM_GLC_Headers
Amazon_Extension,2019,FROM_GLC,2017,URL,https://data-starcloud.pcl.ac.cn/api/en/resourceFile/download/1/1714157508167548941,FROM_GLC_Headers
Amazon_Extension,2019,FROM_GLC,2017,URL,https://data-starcloud.pcl.ac.cn/api/en/resourceFile/download/1/1714157508163354676,FROM_GLC_Headers
Amazon_Extension,2019,FROM_GLC,2017,URL,https://data-starcloud.pcl.ac.cn/api/en/resourceFile/download/1/1714157508167548979,FROM_GLC_Headers
Amazon_Extension,2019,FROM_GLC,2017,URL,https://data-starcloud.pcl.ac.cn/api/en/resourceFile/download/1/1714157508171743273,FROM_GLC_Headers
Amazon_Extension,2019,FROM_GLC,2017,URL,https://data-starcloud.pcl.ac.cn/api/en/resourceFile/download/1/1714157508171743281,FROM_GLC_Headers
Amazon_Extension,2019,FROM_GLC,2017,URL,https://data-starcloud.pcl.ac.cn/api/en/resourceFile/download/1/1714157508171743272,FROM_GLC_Headers
Amazon_Extension,2019,FROM_GLC,2017,URL,https://data-starcloud.pcl.ac.cn/api/en/resourceFile/download/1/1714157508175937554,FROM_GLC_Headers
Amazon_Extension,2019,FROM_GLC,2017,URL,https://data-starcloud.pcl.ac.cn/api/en/resourceFile/download/1/1714157508171743285,FROM_GLC_Headers
Amazon_Extension,2019,FROM_GLC,2017,URL,https://data-starcloud.pcl.ac.cn/api/en/resourceFile/download/1/1714157508171743267,FROM_GLC_Headers
Amazon_Extension,2019,FROM_GLC,2017,URL,https://data-starcloud.pcl.ac.cn/api/en/resourceFile/download/1/1714157508180131845,FROM_GLC_Headers
Amazon_Extension,2019,FROM_GLC,2017,URL,https://data-starcloud.pcl.ac.cn/api/en/resourceFile/download/1/1714157508175937584,FROM_GLC_Headers
Amazon_Extension,2019,FROM_GLC,2017,URL,https://data-starcloud.pcl.ac.cn/api/en/resourceFile/download/1/1714157508175937577,FROM_GLC_Headers
Amazon_Extension,2019,FROM_GLC,2017,URL,https://data-starcloud.pcl.ac.cn/api/en/resourceFile/download/1/1714157508175937569,FROM_GLC_Headers
Amazon_Extension,2019,FROM_GLC,2017,URL,https://data-starcloud.pcl.ac.cn/api/en/resourceFile/download/1/1714157508184326144,FROM_GLC_Headers
Amazon_Extension,2019,FROM_GLC,2017,URL,https://data-starcloud.pcl.ac.cn/api/en/resourceFile/download/1/1714157508175937570,FROM_GLC_Headers
Amazon_Extension,2019,FROM_GLC,2017,URL,https://data-starcloud.pcl.ac.cn/api/en/resourceFile/download/1/1714157508180131871,FROM_GLC_Headers
Amazon_Extension,2019,FROM_GLC,2017,URL,https://data-starcloud.pcl.ac.cn/api/en/resourceFile/download/1/1714157508188520459,FROM_GLC_Headers
Amazon_Extension,2019,FROM_GLC,2017,URL,https://data-starcloud.pcl.ac.cn/api/en/resourceFile/download/1/1714157508184326160,FROM_GLC_Headers
Amazon_Extension,2019,FROM_GLC,2017,URL,https://data-starcloud.pcl.ac.cn/api/en/resourceFile/download/1/1714157508184326185,FROM_GLC_Headers
Amazon_Extension,2019,FROM_GLC,2017,URL,https://data-starcloud.pcl.ac.cn/api/en/resourceFile/download/1/1714157508184326164,FROM_GLC_Headers
Amazon_Extension,2019,FROM_GLC,2017,URL,https://data-starcloud.pcl.ac.cn/api/en/resourceFile/download/1/1714157508192714767,FROM_GLC_Headers
Amazon_Extension,2019,FROM_GLC,2017,URL,https://data-starcloud.pcl.ac.cn/api/en/resourceFile/download/1/1714157508188520499,FROM_GLC_Headers
Amazon_Extension,2019,FROM_GLC,2017,URL,https://data-starcloud.pcl.ac.cn/api/en/resourceFile/download/1/1714157508192714809,FROM_GLC_Headers
Amazon_Extension,2019,FROM_GLC,2017,URL,https://data-starcloud.pcl.ac.cn/api/en/resourceFile/download/1/1714157508188520506,FROM_GLC_Headers
Amazon_Extension,2019,FROM_GLC,2017,URL,https://data-starcloud.pcl.ac.cn/api/en/resourceFile/download/1/1714157508192714762,FROM_GLC_Headers
Amazon_Extension,2019,FROM_GLC,2017,URL,https://data-starcloud.pcl.ac.cn/api/en/resourceFile/download/1/1714157508196909056,FROM_GLC_Headers
Amazon_Extension,2019,FROM_GLC,2017,URL,https://data-starcloud.pcl.ac.cn/api/en/resourceFile/download/1/1714157508201103383,FROM_GLC_Headers
Amazon_Extension,2019,FROM_GLC,2017,URL,https://data-starcloud.pcl.ac.cn/api/en/resourceFile/download/1/1714157508205297666,FROM_GLC_Headers
Amazon_Extension,2019,FROM_GLC,2017,URL,https://data-starcloud.pcl.ac.cn/api/en/resourceFile/download/1/1714157508201103395,FROM_GLC_Headers
Amazon_Extension,2019,FROM_GLC,2017,URL,https://data-starcloud.pcl.ac.cn/api/en/resourceFile/download/1/1714157508196909113,FROM_GLC_Headers
Amazon_Extension,2019,FROM_GLC,2017,URL,https://data-starcloud.pcl.ac.cn/api/en/resourceFile/download/1/1714157508205297669,FROM_GLC_Headers
Amazon_Extension,2019,FROM_GLC,2017,URL,https://data-starcloud.pcl.ac.cn/api/en/resourceFile/download/1/1714157508196909085,FROM_GLC_Headers
Amazon_Extension,2019,FROM_GLC,2017,URL,https://data-starcloud.pcl.ac.cn/api/en/resourceFile/download/1/1714157508205297665,FROM_GLC_Headers
Amazon_Extension,2019,FROM_GLC,2017,URL,https://data-starcloud.pcl.ac.cn/api/en/resourceFile/download/1/1714157508201103391,FROM_GLC_Headers
Amazon_Extension,2019,FROM_GLC,2017,URL,https://data-starcloud.pcl.ac.cn/api/en/resourceFile/download/1/1714157508201103373,FROM_GLC_Headers
Amazon_Extension,2019,FROM_GLC,2017,URL,https://data-starcloud.pcl.ac.cn/api/en/resourceFile/download/1/1714157508196909106,FROM_GLC_Headers
Amazon_Extension,2019,FROM_GLC,2017,URL,https://data-starcloud.pcl.ac.cn/api/en/resourceFile/download/1/1714157508205297677,FROM_GLC_Headers
Amazon_Extension,2019,FROM_GLC,2017,URL,https://data-starcloud.pcl.ac.cn/api/en/resourceFile/download/1/1714157508201103374,FROM_GLC_Headers
Amazon_Extension,2019,FROM_GLC,2017,URL,https://data-starcloud.pcl.ac.cn/api/en/resourceFile/download/1/1714157508209491981,FROM_GLC_Headers
Amazon_Extension,2019,FROM_GLC,2017,URL,https://data-starcloud.pcl.ac.cn/api/en/resourceFile/download/1/1714157508209492014,FROM_GLC_Headers
Amazon_Extension,2019,FROM_GLC,2017,URL,https://data-starcloud.pcl.ac.cn/api/en/resourceFile/download/1/1714157508205297707,FROM_GLC_Headers
Amazon_Extension,2019,FROM_GLC,2017,URL,https://data-starcloud.pcl.ac.cn/api/en/resourceFile/download/1/1714157508205297722,FROM_GLC_Headers
Amazon_Extension,2019,FROM_GLC,2017,URL,https://data-starcloud.pcl.ac.cn/api/en/resourceFile/download/1/1714157508205297695,FROM_GLC_Headers
Amazon_Extension,2019,FROM_GLC,2017,URL,https://data-starcloud.pcl.ac.cn/api/en/resourceFile/download/1/1714157508205297689,FROM_GLC_Headers
Amazon_Extension,2019,FROM_GLC,2017,URL,https://data-starcloud.pcl.ac.cn/api/en/resourceFile/download/1/1714157508209491995,FROM_GLC_Headers
Amazon_Extension,2019,FROM_GLC,2017,URL,https://data-starcloud.pcl.ac.cn/api/en/resourceFile/download/1/1714157508205297718,FROM_GLC_Headers
Amazon_Extension,2019,FROM_GLC,2017,URL,https://data-starcloud.pcl.ac.cn/api/en/resourceFile/download/1/1714157508209492002,FROM_GLC_Headers
Amazon_Extension,2019,FROM_GLC,2017,URL,https://data-starcloud.pcl.ac.cn/api/en/resourceFile/download/1/1714157508213686289,FROM_GLC_Headers
Amazon_Extension,2019,FROM_GLC,2017,URL,https://data-starcloud.pcl.ac.cn/api/en/resourceFile/download/1/1714157508217880582,FROM_GLC_Headers
Amazon_Extension,2019,FROM_GLC,2017,URL,https://data-starcloud.pcl.ac.cn/api/en/resourceFile/download/1/1714157508217880604,FROM_GLC_Headers
Amazon_Extension,2019,FROM_GLC,2017,URL,https://data-starcloud.pcl.ac.cn/api/en/resourceFile/download/1/1714157508213686327,FROM_GLC_Headers
Amazon_Extension,2019,FROM_GLC,2017,URL,https://data-starcloud.pcl.ac.cn/api/en/resourceFile/download/1/1714157508213686284,FROM_GLC_Headers
Amazon_Extension,2019,FROM_GLC,2017,URL,https://data-starcloud.pcl.ac.cn/api/en/resourceFile/download/1/1714157508213686303,FROM_GLC_Headers
Amazon_Extension,2019,FROM_GLC,2017,URL,https://data-starcloud.pcl.ac.cn/api/en/resourceFile/download/1/1714157508213686300,FROM_GLC_Headers
Amazon_Extension,2019,FROM_GLC,2017,URL,https://data-starcloud.pcl.ac.cn/api/en/resourceFile/download/1/1714157508222074923,FROM_GLC_Headers
Amazon_Extension,2019,FROM_GLC,2017,URL,https://data-starcloud.pcl.ac.cn/api/en/resourceFile/download/1/1714157508222074933,FROM_GLC_Headers
Amazon_Extension,2019,FROM_GLC,2017,URL,https://data-starcloud.pcl.ac.cn/api/en/resourceFile/download/1/1714157508217880608,FROM_GLC_Headers
Amazon_Extension,2019,FROM_GLC,2017,URL,https://data-starcloud.pcl.ac.cn/api/en/resourceFile/download/1/1714157508226269188,FROM_GLC_Headers
Amazon_Extension,2019,FROM_GLC,2017,URL,https://data-starcloud.pcl.ac.cn/api/en/resourceFile/download/1/1714157508222074911,FROM_GLC_Headers
Amazon_Extension,2019,FROM_GLC,2017,URL,https://data-starcloud.pcl.ac.cn/api/en/resourceFile/download/1/1714157508222074881,FROM_GLC_Headers
Amazon_Extension,2019,FROM_GLC,2017,URL,https://data-starcloud.pcl.ac.cn/api/en/resourceFile/download/1/1714157508222074925,FROM_GLC_Headers
Amazon_Extension,2019,FROM_GLC,2017,URL,https://data-starcloud.pcl.ac.cn/api/en/resourceFile/download/1/1714157508217880633,FROM_GLC_Headers
Amazon_Extension,2019,FROM_GLC,2017,URL,https://data-starcloud.pcl.ac.cn/api/en/resourceFile/download/1/1714157508217880616,FROM_GLC_Headers
Amazon_Extension,2019,FROM_GLC,2017,URL,https://data-starcloud.pcl.ac.cn/api/en/resourceFile/download/1/1714157508217880617,FROM_GLC_Headers
Amazon_Extension,2019,FROM_GLC,2017,URL,https://data-starcloud.pcl.ac.cn/api/en/resourceFile/download/1/1714157508217880615,FROM_GLC_Headers
Amazon_Extension,2019,FROM_GLC,2017,URL,https://data-starcloud.pcl.ac.cn/api/en/resourceFile/download/1/1714157508217880607,FROM_GLC_Headers
Amazon_Extension,2019,FROM_GLC,2017,URL,https://data-starcloud.pcl.ac.cn/api/en/resourceFile/download/1/1714157508226269217,FROM_GLC_Headers
Amazon_Extension,2019,FROM_GLC,2017,URL,https://data-starcloud.pcl.ac.cn/api/en/resourceFile/download/1/1714157508230463499,FROM_GLC_Headers
Amazon_Extension,2019,FROM_GLC,2017,URL,https://data-starcloud.pcl.ac.cn/api/en/resourceFile/download/1/1714157508230463496,FROM_GLC_Headers
Amazon_Extension,2019,FROM_GLC,2017,URL,https://data-starcloud.pcl.ac.cn/api/en/resourceFile/download/1/1714157508230463525,FROM_GLC_Headers
Amazon_Extension,2019,FROM_GLC,2017,URL,https://data-starcloud.pcl.ac.cn/api/en/resourceFile/download/1/1714157508230463497,FROM_GLC_Headers
Amazon_Extension,2019,FROM_GLC,2017,URL,https://data-starcloud.pcl.ac.cn/api/en/resourceFile/download/1/1714157508230463489,FROM_GLC_Headers
Amazon_Extension,2019,FROM_GLC,2017,URL,https://data-starcloud.pcl.ac.cn/api/en/resourceFile/download/1/1714157508230463500,FROM_GLC_Headers
Amazon_Extension,2019,FROM_GLC,2017,URL,https://data-starcloud.pcl.ac.cn/api/en/resourceFile/download/1/1714157508234657839,FROM_GLC_Headers
Amazon_Extension,2019,FROM_GLC,2017,URL,https://data-starcloud.pcl.ac.cn/api/en/resourceFile/download/1/1714157508234657801,FROM_GLC_Headers
Amazon_Extension,2019,FROM_GLC,2017,URL,https://data-starcloud.pcl.ac.cn/api/en/resourceFile/download/1/1714157508230463548,FROM_GLC_Headers
Amazon_Extension,2019,FROM_GLC,2017,URL,https://data-starcloud.pcl.ac.cn/api/en/resourceFile/download/1/1714157508234657836,FROM_GLC_Headers
Amazon_Extension,2019,FROM_GLC,2017,URL,https://data-starcloud.pcl.ac.cn/api/en/resourceFile/download/1/1714157508234657821,FROM_GLC_Headers
Amazon_Extension,2019,FROM_GLC,2017,URL,https://data-starcloud.pcl.ac.cn/api/en/resourceFile/download/1/1714157508234657804,FROM_GLC_Headers
Amazon_Extension,2019,FROM_GLC,2017,URL,https://data-starcloud.pcl.ac.cn/api/en/resourceFile/download/1/1714157508234657802,FROM_GLC_Headers
Amazon_Extension,2019,FROM_GLC,2017,URL,https://data-starcloud.pcl.ac.cn/api/en/resourceFile/download/1/1714157508238852132,FROM_GLC_Headers
Amazon_Extension,2019,FROM_GLC,2017,URL,https://data-starcloud.pcl.ac.cn/api/en/resourceFile/download/1/1714157508243046429,FROM_GLC_Headers
Amazon_Extension,2019,FROM_GLC,2017,URL,https://data-starcloud.pcl.ac.cn/api/en/resourceFile/download/1/1714157508238852134,FROM_GLC_Headers
Amazon_Extension,2019,FROM_GLC,2017,URL,https://data-starcloud.pcl.ac.cn/api/en/resourceFile/download/1/1714157508243046441,FROM_GLC_Headers
Amazon_Extension,2019,FROM_GLC,2017,URL,https://data-starcloud.pcl.ac.cn/api/en/resourceFile/download/1/1714157508243046417,FROM_GLC_Headers
Amazon_Extension,2019,FROM_GLC,2017,URL,https://data-starcloud.pcl.ac.cn/api/en/resourceFile/download/1/1714157508238852143,FROM_GLC_Headers
Amazon_Extension,2019,FROM_GLC,2017,URL,https://data-starcloud.pcl.ac.cn/api/en/resourceFile/download/1/1714157508243046407,FROM_GLC_Headers
Amazon_Extension,2019,FROM_GLC,2017,URL,https://data-starcloud.pcl.ac.cn/api/en/resourceFile/download/1/1714157508243046438,FROM_GLC_Headers
Amazon_Extension,2019,FROM_GLC,2017,URL,https://data-starcloud.pcl.ac.cn/api/en/resourceFile/download/1/1714157508243046451,FROM_GLC_Headers
Amazon_Extension,2019,FROM_GLC,2017,URL,https://data-starcloud.pcl.ac.cn/api/en/resourceFile/download/1/1714157508247240736,FROM_GLC_Headers
Amazon_Extension,2019,FROM_GLC,2017,URL,https://data-starcloud.pcl.ac.cn/api/en/resourceFile/download/1/1714157508247240731,FROM_GLC_Headers
Amazon_Extension,2019,FROM_GLC,2017,URL,https://data-starcloud.pcl.ac.cn/api/en/resourceFile/download/1/1714157508251435031,FROM_GLC_Headers
Amazon_Extension,2019,FROM_GLC,2017,URL,https://data-starcloud.pcl.ac.cn/api/en/resourceFile/download/1/1714157508247240713,FROM_GLC_Headers
Amazon_Extension,2019,FROM_GLC,2017,URL,https://data-starcloud.pcl.ac.cn/api/en/resourceFile/download/1/1714157508251435026,FROM_GLC_Headers
Amazon_Extension,2019,FROM_GLC,2017,URL,https://data-starcloud.pcl.ac.cn/api/en/resourceFile/download/1/1714157508243046460,FROM_GLC_Headers
Amazon_Extension,2019,FROM_GLC,2017,URL,https://data-starcloud.pcl.ac.cn/api/en/resourceFile/download/1/1714157508255629325,FROM_GLC_Headers
Amazon_Extension,2019,FROM_GLC,2017,URL,https://data-starcloud.pcl.ac.cn/api/en/resourceFile/download/1/1714157508255629365,FROM_GLC_Headers
Amazon_Extension,2019,FROM_GLC,2017,URL,https://data-starcloud.pcl.ac.cn/api/en/resourceFile/download/1/1714157508251435046,FROM_GLC_Headers
Amazon_Extension,2019,FROM_GLC,2017,URL,https://data-starcloud.pcl.ac.cn/api/en/resourceFile/download/1/1714157508255629334,FROM_GLC_Headers
Amazon_Extension,2019,FROM_GLC,2017,URL,https://data-starcloud.pcl.ac.cn/api/en/resourceFile/download/1/1714157508255629361,FROM_GLC_Headers
Amazon_Extension,2019,FROM_GLC,2017,URL,https://data-starcloud.pcl.ac.cn/api/en/resourceFile/download/1/1714157508259823619,FROM_GLC_Headers
Amazon_Extension,2019,FROM_GLC,2017,URL,https://data-starcloud.pcl.ac.cn/api/en/resourceFile/download/1/1714157508255629337,FROM_GLC_Headers
Amazon_Extension,2019,FROM_GLC,2017,URL,https://data-starcloud.pcl.ac.cn/api/en/resourceFile/download/1/1714157508251435052,FROM_GLC_Headers
Amazon_Extension,2019,FROM_GLC,2017,URL,https://data-starcloud.pcl.ac.cn/api/en/resourceFile/download/1/1714157508255629354,FROM_GLC_Headers
Amazon_Extension,2019,FROM_GLC,2017,URL,https://data-starcloud.pcl.ac.cn/api/en/resourceFile/download/1/1714157508255629313,FROM_GLC_Headers
Amazon_Extension,2019,FROM_GLC,2017,URL,https://data-starcloud.pcl.ac.cn/api/en/resourceFile/download/1/1714157508259823641,FROM_GLC_Headers
Amazon_Extension,2019,FROM_GLC,2017,URL,https://data-starcloud.pcl.ac.cn/api/en/resourceFile/download/1/1714157508259823651,FROM_GLC_Headers
Amazon_Extension,2019,FROM_GLC,2017,URL,https://data-starcloud.pcl.ac.cn/api/en/resourceFile/download/1/1714157508259823667,FROM_GLC_Headers
Amazon_Extension,2019,FROM_GLC,2017,URL,https://data-starcloud.pcl.ac.cn/api/en/resourceFile/download/1/1714157508264017952,FROM_GLC_Headers
Amazon_Extension,2019,FROM_GLC,2017,URL,https://data-starcloud.pcl.ac.cn/api/en/resourceFile/download/1/1714157508259823657,FROM_GLC_Headers
Amazon_Extension,2019,FROM_GLC,2017,URL,https://data-starcloud.pcl.ac.cn/api/en/resourceFile/download/1/1714157508264017930,FROM_GLC_Headers
Amazon_Extension,2019,FROM_GLC,2017,URL,https://data-starcloud.pcl.ac.cn/api/en/resourceFile/download/1/1714157508264017921,FROM_GLC_Headers
Amazon_Extension,2019,FROM_GLC,2017,URL,https://data-starcloud.pcl.ac.cn/api/en/resourceFile/download/1/1714157508264017958,FROM_GLC_Headers
Amazon_Extension,2019,FROM_GLC,2017,URL,https://data-starcloud.pcl.ac.cn/api/en/resourceFile/download/1/1714157508259823639,FROM_GLC_Headers
Amazon_Extension,2019,FROM_GLC,2017,URL,https://data-starcloud.pcl.ac.cn/api/en/resourceFile/download/1/1714157508264017947,FROM_GLC_Headers
Amazon_Extension,2019,FROM_GLC,2017,URL,https://data-starcloud.pcl.ac.cn/api/en/resourceFile/download/1/1714157508259823678,FROM_GLC_Headers
Amazon_Extension,2019,FROM_GLC,2017,URL,https://data-starcloud.pcl.ac.cn/api/en/resourceFile/download/1/1714157508268212230,FROM_GLC_Headers
Amazon_Extension,2019,FROM_GLC,2017,URL,https://data-starcloud.pcl.ac.cn/api/en/resourceFile/download/1/1714157508268212228,FROM_GLC_Headers
Amazon_Extension,2019,FROM_GLC,2017,URL,https://data-starcloud.pcl.ac.cn/api/en/resourceFile/download/1/1714157508264017967,FROM_GLC_Headers
Amazon_Extension,2019,FROM_GLC,2017,URL,https://data-starcloud.pcl.ac.cn/api/en/resourceFile/download/1/1714157508268212272,FROM_GLC_Headers
Amazon_Extension,2019,FROM_GLC,2017,URL,https://data-starcloud.pcl.ac.cn/api/en/resourceFile/download/1/1714157508268212260,FROM_GLC_Headers
Amazon_Extension,2019,FROM_GLC,2017,URL,https://data-starcloud.pcl.ac.cn/api/en/resourceFile/download/1/1714157508264017970,FROM_GLC_Headers
Amazon_Extension,2019,FROM_GLC,2017,URL,https://data-starcloud.pcl.ac.cn/api/en/resourceFile/download/1/1714157508268212247,FROM_GLC_Headers
Amazon_Extension,2019,FROM_GLC,2017,URL,https://data-starcloud.pcl.ac.cn/api/en/resourceFile/download/1/1714157508268212250,FROM_GLC_Headers
Amazon_Extension,2019,FROM_GLC,2017,URL,https://data-starcloud.pcl.ac.cn/api/en/resourceFile/download/1/1714157508272406589,FROM_GLC_Headers
Amazon_Extension,2019,FROM_GLC,2017,URL,https://data-starcloud.pcl.ac.cn/api/en/resourceFile/download/1/1714157508272406552,FROM_GLC_Headers
Amazon_Extension,2019,FROM_GLC,2017,URL,https://data-starcloud.pcl.ac.cn/api/en/resourceFile/download/1/1714157508276600884,FROM_GLC_Headers
Amazon_Extension,2019,FROM_GLC,2017,URL,https://data-starcloud.pcl.ac.cn/api/en/resourceFile/download/1/1714157508272406582,FROM_GLC_Headers
Amazon_Extension,2019,FROM_GLC,2017,URL,https://data-starcloud.pcl.ac.cn/api/en/resourceFile/download/1/1714157508276600841,FROM_GLC_Headers
Amazon_Extension,2019,FROM_GLC,2017,URL,https://data-starcloud.pcl.ac.cn/api/en/resourceFile/download/1/1714157508272406568,FROM_GLC_Headers
Amazon_Extension,2019,FROM_GLC,2017,URL,https://data-starcloud.pcl.ac.cn/api/en/resourceFile/download/1/1714157508276600858,FROM_GLC_Headers
Amazon_Extension,2019,FROM_GLC,2017,URL,https://data-starcloud.pcl.ac.cn/api/en/resourceFile/download/1/1714157508276600857,FROM_GLC_Headers
Amazon_Extension,2019,FROM_GLC,2017,URL,https://data-starcloud.pcl.ac.cn/api/en/resourceFile/download/1/1714157508272406573,FROM_GLC_Headers
Amazon_Extension,2019,FROM_GLC,2017,URL,https://data-starcloud.pcl.ac.cn/api/en/resourceFile/download/1/1714157508280795153,FROM_GLC_Headers
Amazon_Extension,2019,FROM_GLC,2017,URL,https://data-starcloud.pcl.ac.cn/api/en/resourceFile/download/1/1714157508280795197,FROM_GLC_Headers
Amazon_Extension,2019,FROM_GLC,2017,URL,https://data-starcloud.pcl.ac.cn/api/en/resourceFile/download/1/1714157508280795148,FROM_GLC_Headers
Amazon_Extension,2019,FROM_GLC,2017,URL,https://data-starcloud.pcl.ac.cn/api/en/resourceFile/download/1/1714157508284989473,FROM_GLC_Headers
Amazon_Extension,2019,FROM_GLC,2017,URL,https://data-starcloud.pcl.ac.cn/api/en/resourceFile/download/1/1714157508289183753,FROM_GLC_Headers
Amazon_Extension,2019,FROM_GLC,2017,URL,https://data-starcloud.pcl.ac.cn/api/en/resourceFile/download/1/1714157508284989498,FROM_GLC_Headers
Amazon_Extension,2019,FROM_GLC,2017,URL,https://data-starcloud.pcl.ac.cn/api/en/resourceFile/download/1/1714157508289183768,FROM_GLC_Headers
Amazon_Extension,2019,FROM_GLC,2017,URL,https://data-starcloud.pcl.ac.cn/api/en/resourceFile/download/1/1714157508289183773,FROM_GLC_Headers
Amazon_Extension,2019,FROM_GLC,2017,URL,https://data-starcloud.pcl.ac.cn/api/en/resourceFile/download/1/1714157508293378054,FROM_GLC_Headers
Amazon_Extension,2019,FROM_GLC,2017,URL,https://data-starcloud.pcl.ac.cn/api/en/resourceFile/download/1/1714157508289183758,FROM_GLC_Headers
Amazon_Extension,2019,FROM_GLC,2017,URL,https://data-starcloud.pcl.ac.cn/api/en/resourceFile/download/1/1714157508284989483,FROM_GLC_Headers
Amazon_Extension,2019,FROM_GLC,2017,URL,https://data-starcloud.pcl.ac.cn/api/en/resourceFile/download/1/1714157508289183780,FROM_GLC_Headers
Amazon_Extension,2019,FROM_GLC,2017,URL,https://data-starcloud.pcl.ac.cn/api/en/resourceFile/download/1/1714157508293378109,FROM_GLC_Headers
Amazon_Extension,2019,FROM_GLC,2017,URL,https://data-starcloud.pcl.ac.cn/api/en/resourceFile/download/1/1714157508293378060,FROM_GLC_Headers
Amazon_Extension,2019,FROM_GLC,2017,URL,https://data-starcloud.pcl.ac.cn/api/en/resourceFile/download/1/1714157508293378071,FROM_GLC_Headers
Amazon_Extension,2019,FROM_GLC,2017,URL,https://data-starcloud.pcl.ac.cn/api/en/resourceFile/download/1/1714157508297572386,FROM_GLC_Headers
Amazon_Extension,2019,FROM_GLC,2017,URL,https://data-starcloud.pcl.ac.cn/api/en/resourceFile/download/1/1714157508293378090,FROM_GLC_Headers
Amazon_Extension,2019,FROM_GLC,2017,URL,https://data-starcloud.pcl.ac.cn/api/en/resourceFile/download/1/1714157508293378061,FROM_GLC_Headers
Amazon_Extension,2019,FROM_GLC,2017,URL,https://data-starcloud.pcl.ac.cn/api/en/resourceFile/download/1/1714157508297572361,FROM_GLC_Headers
Amazon_Extension,2019,FROM_GLC,2017,URL,https://data-starcloud.pcl.ac.cn/api/en/resourceFile/download/1/1714157508293378107,FROM_GLC_Headers
Amazon_Extension,2019,FROM_GLC,2017,URL,https://data-starcloud.pcl.ac.cn/api/en/resourceFile/download/1/1714157508293378094,FROM_GLC_Headers
Amazon_Extension,2019,FROM_GLC,2017,URL,https://data-starcloud.pcl.ac.cn/api/en/resourceFile/download/1/1714157508297572373,FROM_GLC_Headers
Amazon_Extension,2019,FROM_GLC,2017,URL,https://data-starcloud.pcl.ac.cn/api/en/resourceFile/download/1/1714157508305960974,FROM_GLC_Headers
Amazon_Extension,2019,FROM_GLC,2017,URL,https://data-starcloud.pcl.ac.cn/api/en/resourceFile/download/1/1714157508301766704,FROM_GLC_Headers
Amazon_Extension,2019,FROM_GLC,2017,URL,https://data-starcloud.pcl.ac.cn/api/en/resourceFile/download/1/1714157508305960976,FROM_GLC_Headers
Amazon_Extension,2019,FROM_GLC,2017,URL,https://data-starcloud.pcl.ac.cn/api/en/resourceFile/download/1/1714157508301766672,FROM_GLC_Headers
Amazon_Extension,2019,FROM_GLC,2017,URL,https://data-starcloud.pcl.ac.cn/api/en/resourceFile/download/1/1714157508301766692,FROM_GLC_Headers
Amazon_Extension,2019,FROM_GLC,2017,URL,https://data-starcloud.pcl.ac.cn/api/en/resourceFile/download/1/1714157508301766693,FROM_GLC_Headers
Amazon_Extension,2019,FROM_GLC,2017,URL,https://data-starcloud.pcl.ac.cn/api/en/resourceFile/download/1/1714157508301766682,FROM_GLC_Headers
Amazon_Extension,2019,FROM_GLC,2017,URL,https://data-starcloud.pcl.ac.cn/api/en/resourceFile/download/1/1714157508305960960,FROM_GLC_Headers
Amazon_Extension,2019,FROM_GLC,2017,URL,https://data-starcloud.pcl.ac.cn/api/en/resourceFile/download/1/1714157508305960977,FROM_GLC_Headers
Amazon_Extension,2019,FROM_GLC,2017,URL,https://data-starcloud.pcl.ac.cn/api/en/resourceFile/download/1/1714157508301766669,FROM_GLC_Headers
Amazon_Extension,2019,FROM_GLC,2017,URL,https://data-starcloud.pcl.ac.cn/api/en/resourceFile/download/1/1714157508305960991,FROM_GLC_Headers
Amazon_Extension,2019,FROM_GLC,2017,URL,https://data-starcloud.pcl.ac.cn/api/en/resourceFile/download/1/1714157508310155294,FROM_GLC_Headers
Amazon_Extension,2019,FROM_GLC,2017,URL,https://data-starcloud.pcl.ac.cn/api/en/resourceFile/download/1/1714157508305960995,FROM_GLC_Headers
Amazon_Extension,2019,FROM_GLC,2017,URL,https://data-starcloud.pcl.ac.cn/api/en/resourceFile/download/1/1714157508305960994,FROM_GLC_Headers
Amazon_Extension,2019,FROM_GLC,2017,URL,https://data-starcloud.pcl.ac.cn/api/en/resourceFile/download/1/1714157508305961002,FROM_GLC_Headers
Amazon_Extension,2019,FROM_GLC,2017,URL,https://data-starcloud.pcl.ac.cn/api/en/resourceFile/download/1/1714157508305961017,FROM_GLC_Headers
Amazon_Extension,2019,FROM_GLC,2017,URL,https://data-starcloud.pcl.ac.cn/api/en/resourceFile/download/1/1714157508310155312,FROM_GLC_Headers
Amazon_Extension,2019,FROM_GLC,2017,URL,https://data-starcloud.pcl.ac.cn/api/en/resourceFile/download/1/1714157508305960999,FROM_GLC_Headers
Amazon_Extension,2019,FROM_GLC,2017,URL,https://data-starcloud.pcl.ac.cn/api/en/resourceFile/download/1/1714157508318543878,FROM_GLC_Headers
Amazon_Extension,2019,FROM_GLC,2017,URL,https://data-starcloud.pcl.ac.cn/api/en/resourceFile/download/1/1714157508314349571,FROM_GLC_Headers
Amazon_Extension,2019,FROM_GLC,2017,URL,https://data-starcloud.pcl.ac.cn/api/en/resourceFile/download/1/1714157508314349581,FROM_GLC_Headers
Amazon_Extension,2019,FROM_GLC,2017,URL,https://data-starcloud.pcl.ac.cn/api/en/resourceFile/download/1/1714157508314349576,FROM_GLC_Headers
Amazon_Extension,2019,FROM_GLC,2017,URL,https://data-starcloud.pcl.ac.cn/api/en/resourceFile/download/1/1714157508314349599,FROM_GLC_Headers
Amazon_Extension,2019,FROM_GLC,2017,URL,https://data-starcloud.pcl.ac.cn/api/en/resourceFile/download/1/1714157508314349590,FROM_GLC_Headers
Amazon_Extension,2019,FROM_GLC,2017,URL,https://data-starcloud.pcl.ac.cn/api/en/resourceFile/download/1/1714157508314349607,FROM_GLC_Headers
Amazon_Extension,2019,FROM_GLC,2017,URL,https://data-starcloud.pcl.ac.cn/api/en/resourceFile/download/1/1714157508314349605,FROM_GLC_Headers
Amazon_Extension,2019,FROM_GLC,2017,URL,https://data-starcloud.pcl.ac.cn/api/en/resourceFile/download/1/1714157508322738230,FROM_GLC_Headers
Amazon_Extension,2019,FROM_GLC,2017,URL,https://data-starcloud.pcl.ac.cn/api/en/resourceFile/download/1/1714157508322738184,FROM_GLC_Headers
Amazon_Extension,2019,FROM_GLC,2017,URL,https://data-starcloud.pcl.ac.cn/api/en/resourceFile/download/1/1714157508322738208,FROM_GLC_Headers
Amazon_Extension,2019,FROM_GLC,2017,URL,https://data-starcloud.pcl.ac.cn/api/en/resourceFile/download/1/1714157508318543915,FROM_GLC_Headers
Amazon_Extension,2019,FROM_GLC,2017,URL,https://data-starcloud.pcl.ac.cn/api/en/resourceFile/download/1/1714157508322738207,FROM_GLC_Headers
Amazon_Extension,2019,FROM_GLC,2017,URL,https://data-starcloud.pcl.ac.cn/api/en/resourceFile/download/1/1714157508318543925,FROM_GLC_Headers
Amazon_Extension,2019,FROM_GLC,2017,URL,https://data-starcloud.pcl.ac.cn/api/en/resourceFile/download/1/1714157508322738183,FROM_GLC_Headers
Amazon_Extension,2019,FROM_GLC,2017,URL,https://data-starcloud.pcl.ac.cn/api/en/resourceFile/download/1/1714157508318543917,FROM_GLC_Headers
Amazon_Extension,2019,FROM_GLC,2017,URL,https://data-starcloud.pcl.ac.cn/api/en/resourceFile/download/1/1714157508326932503,FROM_GLC_Headers
Amazon_Extension,2019,FROM_GLC,2017,URL,https://data-starcloud.pcl.ac.cn/api/en/resourceFile/download/1/1714157508331126826,FROM_GLC_Headers
Amazon_Extension,2019,FROM_GLC,2017,URL,https://data-starcloud.pcl.ac.cn/api/en/resourceFile/download/1/1714157508331126828,FROM_GLC_Headers
Amazon_Extension,2019,FROM_GLC,2017,URL,https://data-starcloud.pcl.ac.cn/api/en/resourceFile/download/1/1714157508326932530,FROM_GLC_Headers
Amazon_Extension,2019,FROM_GLC,2017,URL,https://data-starcloud.pcl.ac.cn/api/en/resourceFile/download/1/1714157508326932506,FROM_GLC_Headers
Amazon_Extension,2019,FROM_GLC,2017,URL,https://data-starcloud.pcl.ac.cn/api/en/resourceFile/download/1/1714157508326932534,FROM_GLC_Headers
Amazon_Extension,2019,FROM_GLC,2017,URL,https://data-starcloud.pcl.ac.cn/api/en/resourceFile/download/1/1714157508331126813,FROM_GLC_Headers
Amazon_Extension,2019,FROM_GLC,2017,URL,https://data-starcloud.pcl.ac.cn/api/en/resourceFile/download/1/1714157508326932525,FROM_GLC_Headers
Amazon_Extension,2019,FROM_GLC,2017,URL,https://data-starcloud.pcl.ac.cn/api/en/resourceFile/download/1/1714157508326932510,FROM_GLC_Headers
Amazon_Extension,2019,FROM_GLC,2017,URL,https://data-starcloud.pcl.ac.cn/api/en/resourceFile/download/1/1714157508326932493,FROM_GLC_Headers
Amazon_Extension,2019,FROM_GLC,2017,URL,https://data-starcloud.pcl.ac.cn/api/en/resourceFile/download/1/1714157508326932541,FROM_GLC_Headers
Amazon_Extension,2019,FROM_GLC,2017,URL,https://data-starcloud.pcl.ac.cn/api/en/resourceFile/download/1/1714157508331126835,FROM_GLC_Headers
Amazon_Extension,2019,FROM_GLC,2017,URL,https://data-starcloud.pcl.ac.cn/api/en/resourceFile/download/1/1714157508339515395,FROM_GLC_Headers
Amazon_Extension,2019,FROM_GLC,2017,URL,https://data-starcloud.pcl.ac.cn/api/en/resourceFile/download/1/1714157508335321102,FROM_GLC_Headers
Amazon_Extension,2019,FROM_GLC,2017,URL,https://data-starcloud.pcl.ac.cn/api/en/resourceFile/download/1/1714157508331126838,FROM_GLC_Headers
Amazon_Extension,2019,FROM_GLC,2017,URL,https://data-starcloud.pcl.ac.cn/api/en/resourceFile/download/1/1714157508335321115,FROM_GLC_Headers
Amazon_Extension,2019,FROM_GLC,2017,URL,https://data-starcloud.pcl.ac.cn/api/en/resourceFile/download/1/1714157508335321089,FROM_GLC_Headers
Amazon_Extension,2019,FROM_GLC,2017,URL,https://data-starcloud.pcl.ac.cn/api/en/resourceFile/download/1/1714157508339515449,FROM_GLC_Headers
Amazon_Extension,2019,FROM_GLC,2017,URL,https://data-starcloud.pcl.ac.cn/api/en/resourceFile/download/1/1714157508343709727,FROM_GLC_Headers
Amazon_Extension,2019,FROM_GLC,2017,URL,https://data-starcloud.pcl.ac.cn/api/en/resourceFile/download/1/1714157508339515435,FROM_GLC_Headers
Amazon_Extension,2019,FROM_GLC,2017,URL,https://data-starcloud.pcl.ac.cn/api/en/resourceFile/download/1/1714157508343709753,FROM_GLC_Headers
Amazon_Extension,2019,FROM_GLC,2017,URL,https://data-starcloud.pcl.ac.cn/api/en/resourceFile/download/1/1714157508339515438,FROM_GLC_Headers
Amazon_Extension,2019,FROM_GLC,2017,URL,https://data-starcloud.pcl.ac.cn/api/en/resourceFile/download/1/1714157508339515447,FROM_GLC_Headers
Amazon_Extension,2019,FROM_GLC,2017,URL,https://data-starcloud.pcl.ac.cn/api/en/resourceFile/download/1/1714157508339515443,FROM_GLC_Headers
Amazon_Extension,2019,FROM_GLC,2017,URL,https://data-starcloud.pcl.ac.cn/api/en/resourceFile/download/1/1714157508339515422,FROM_GLC_Headers
Amazon_Extension,2019,FROM_GLC,2017,URL,https://data-starcloud.pcl.ac.cn/api/en/resourceFile/download/1/1714157508352098332,FROM_GLC_Headers
Amazon_Extension,2019,FROM_GLC,2017,URL,https://data-starcloud.pcl.ac.cn/api/en/resourceFile/download/1/1714157508352098311,FROM_GLC_Headers
Amazon_Extension,2019,FROM_GLC,2017,URL,https://data-starcloud.pcl.ac.cn/api/en/resourceFile/download/1/1714157508352098342,FROM_GLC_Headers
Amazon_Extension,2019,FROM_GLC,2017,URL,https://data-starcloud.pcl.ac.cn/api/en/resourceFile/download/1/1714157508352098327,FROM_GLC_Headers
Amazon_Extension,2019,FROM_GLC,2017,URL,https://data-starcloud.pcl.ac.cn/api/en/resourceFile/download/1/1714157508347904027,FROM_GLC_Headers
Amazon_Extension,2019,FROM_GLC,2017,URL,https://data-starcloud.pcl.ac.cn/api/en/resourceFile/download/1/1714157508352098328,FROM_GLC_Headers
Amazon_Extension,2019,FROM_GLC,2017,URL,https://data-starcloud.pcl.ac.cn/api/en/resourceFile/download/1/1714157508347904025,FROM_GLC_Headers
Amazon_Extension,2019,FROM_GLC,2017,URL,https://data-starcloud.pcl.ac.cn/api/en/resourceFile/download/1/1714157508347904037,FROM_GLC_Headers
Amazon_Extension,2019,FROM_GLC,2017,URL,https://data-starcloud.pcl.ac.cn/api/en/resourceFile/download/1/1714157508352098310,FROM_GLC_Headers
Amazon_Extension,2019,FROM_GLC,2017,URL,https://data-starcloud.pcl.ac.cn/api/en/resourceFile/download/1/1714157508347904044,FROM_GLC_Headers
Amazon_Extension,2019,FROM_GLC,2017,URL,https://data-starcloud.pcl.ac.cn/api/en/resourceFile/download/1/1714157508347904014,FROM_GLC_Headers
Amazon_Extension,2019,FROM_GLC,2017,URL,https://data-starcloud.pcl.ac.cn/api/en/resourceFile/download/1/1714157508356292646,FROM_GLC_Headers
Amazon_Extension,2019,FROM_GLC,2017,URL,https://data-starcloud.pcl.ac.cn/api/en/resourceFile/download/1/1714157508360486916,FROM_GLC_Headers
Amazon_Extension,2019,FROM_GLC,2017,URL,https://data-starcloud.pcl.ac.cn/api/en/resourceFile/download/1/1714157508356292662,FROM_GLC_Headers
Amazon_Extension,2019,FROM_GLC,2017,URL,https://data-starcloud.pcl.ac.cn/api/en/resourceFile/download/1/1714157508356292625,FROM_GLC_Headers
Amazon_Extension,2019,FROM_GLC,2017,URL,https://data-starcloud.pcl.ac.cn/api/en/resourceFile/download/1/1714157508356292617,FROM_GLC_Headers
Amazon_Extension,2019,FROM_GLC,2017,URL,https://data-starcloud.pcl.ac.cn/api/en/resourceFile/download/1/1714157508356292619,FROM_GLC_Headers
Amazon_Extension,2019,FROM_GLC,2017,URL,https://data-starcloud.pcl.ac.cn/api/en/resourceFile/download/1/1714157508356292670,FROM_GLC_Headers
Amazon_Extension,2019,FROM_GLC,2017,URL,https://data-starcloud.pcl.ac.cn/api/en/resourceFile/download/1/1714157508360486938,FROM_GLC_Headers
Amazon_Extension,2019,FROM_GLC,2017,URL,https://data-starcloud.pcl.ac.cn/api/en/resourceFile/download/1/1714157508360486934,FROM_GLC_Headers
Amazon_Extension,2019,FROM_GLC,2017,URL,https://data-starcloud.pcl.ac.cn/api/en/resourceFile/download/1/1714157508364681232,FROM_GLC_Headers
Amazon_Extension,2019,FROM_GLC,2017,URL,https://data-starcloud.pcl.ac.cn/api/en/resourceFile/download/1/1714157508360486928,FROM_GLC_Headers
Amazon_Extension,2019,FROM_GLC,2017,URL,https://data-starcloud.pcl.ac.cn/api/en/resourceFile/download/1/1714157508360486972,FROM_GLC_Headers
Amazon_Extension,2019,FROM_GLC,2017,URL,https://data-starcloud.pcl.ac.cn/api/en/resourceFile/download/1/1714157508360486970,FROM_GLC_Headers
Amazon_Extension,2019,FROM_GLC,2017,URL,https://data-starcloud.pcl.ac.cn/api/en/resourceFile/download/1/1714157508373069843,FROM_GLC_Headers
Amazon_Extension,2019,FROM_GLC,2017,URL,https://data-starcloud.pcl.ac.cn/api/en/resourceFile/download/1/1714157508368875567,FROM_GLC_Headers
Amazon_Extension,2019,FROM_GLC,2017,URL,https://data-starcloud.pcl.ac.cn/api/en/resourceFile/download/1/1714157508368875527,FROM_GLC_Headers
Amazon_Extension,2019,FROM_GLC,2017,URL,https://data-starcloud.pcl.ac.cn/api/en/resourceFile/download/1/1714157508368875544,FROM_GLC_Headers
Amazon_Extension,2019,FROM_GLC,2017,URL,https://data-starcloud.pcl.ac.cn/api/en/resourceFile/download/1/1714157508377264165,FROM_GLC_Headers
Amazon_Extension,2019,FROM_GLC,2017,URL,https://data-starcloud.pcl.ac.cn/api/en/resourceFile/download/1/1714157508377264180,FROM_GLC_Headers
Amazon_Extension,2019,FROM_GLC,2017,URL,https://data-starcloud.pcl.ac.cn/api/en/resourceFile/download/1/1714157508377264187,FROM_GLC_Headers
Amazon_Extension,2019,FROM_GLC,2017,URL,https://data-starcloud.pcl.ac.cn/api/en/resourceFile/download/1/1714157508377264173,FROM_GLC_Headers
Amazon_Extension,2019,FROM_GLC,2017,URL,https://data-starcloud.pcl.ac.cn/api/en/resourceFile/download/1/1714157508373069865,FROM_GLC_Headers
Amazon_Extension,2019,FROM_GLC,2017,URL,https://data-starcloud.pcl.ac.cn/api/en/resourceFile/download/1/1714157508377264151,FROM_GLC_Headers
Amazon_Extension,2019,FROM_GLC,2017,URL,https://data-starcloud.pcl.ac.cn/api/en/resourceFile/download/1/1714157508377264185,FROM_GLC_Headers
Amazon_Extension,2019,FROM_GLC,2017,URL,https://data-starcloud.pcl.ac.cn/api/en/resourceFile/download/1/1714157508377264142,FROM_GLC_Headers
Amazon_Extension,2019,FROM_GLC,2017,URL,https://data-starcloud.pcl.ac.cn/api/en/resourceFile/download/1/1714157508381458494,FROM_GLC_Headers
Amazon_Extension,2019,FROM_GLC,2017,URL,https://data-starcloud.pcl.ac.cn/api/en/resourceFile/download/1/1714157508381458451,FROM_GLC_Headers
Amazon_Extension,2019,FROM_GLC,2017,URL,https://data-starcloud.pcl.ac.cn/api/en/resourceFile/download/1/1714157508381458442,FROM_GLC_Headers
Amazon_Extension,2019,FROM_GLC,2017,URL,https://data-starcloud.pcl.ac.cn/api/en/resourceFile/download/1/1714157508385652751,FROM_GLC_Headers
Amazon_Extension,2019,FROM_GLC,2017,URL,https://data-starcloud.pcl.ac.cn/api/en/resourceFile/download/1/1714157508381458457,FROM_GLC_Headers
Amazon_Extension,2019,FROM_GLC,2017,URL,https://data-starcloud.pcl.ac.cn/api/en/resourceFile/download/1/1714157508381458438,FROM_GLC_Headers
Amazon_Extension,2019,FROM_GLC,2017,URL,https://data-starcloud.pcl.ac.cn/api/en/resourceFile/download/1/1714157508381458435,FROM_GLC_Headers
Amazon_Extension,2019,FROM_GLC,2017,URL,https://data-starcloud.pcl.ac.cn/api/en/resourceFile/download/1/1714157508389847081,FROM_GLC_Headers
Amazon_Extension,2019,FROM_GLC,2017,URL,https://data-starcloud.pcl.ac.cn/api/en/resourceFile/download/1/1714157508394041355,FROM_GLC_Headers
Amazon_Extension,2019,FROM_GLC,2017,URL,https://data-starcloud.pcl.ac.cn/api/en/resourceFile/download/1/1714157508389847097,FROM_GLC_Headers
Amazon_Extension,2019,FROM_GLC,2017,URL,https://data-starcloud.pcl.ac.cn/api/en/resourceFile/download/1/1714157508385652782,FROM_GLC_Headers
Amazon_Extension,2019,FROM_GLC,2017,URL,https://data-starcloud.pcl.ac.cn/api/en/resourceFile/download/1/1714157508389847076,FROM_GLC_Headers
Amazon_Extension,2019,FROM_GLC,2017,URL,https://data-starcloud.pcl.ac.cn/api/en/resourceFile/download/1/1714157508385652781,FROM_GLC_Headers
Amazon_Extension,2019,FROM_GLC,2017,URL,https://data-starcloud.pcl.ac.cn/api/en/resourceFile/download/1/1714157508385652783,FROM_GLC_Headers
Amazon_Extension,2019,FROM_GLC,2017,URL,https://data-starcloud.pcl.ac.cn/api/en/resourceFile/download/1/1714157508394041345,FROM_GLC_Headers
Amazon_Extension,2019,FROM_GLC,2017,URL,https://data-starcloud.pcl.ac.cn/api/en/resourceFile/download/1/1714157508389847078,FROM_GLC_Headers
Amazon_Extension,2019,FROM_GLC,2017,URL,https://data-starcloud.pcl.ac.cn/api/en/resourceFile/download/1/1714157508398235694,FROM_GLC_Headers
Amazon_Extension,2019,FROM_GLC,2017,URL,https://data-starcloud.pcl.ac.cn/api/en/resourceFile/download/1/1714157508398235672,FROM_GLC_Headers
Amazon_Extension,2019,FROM_GLC,2017,URL,https://data-starcloud.pcl.ac.cn/api/en/resourceFile/download/1/1714157508398235685,FROM_GLC_Headers
Amazon_Extension,2019,FROM_GLC,2017,URL,https://data-starcloud.pcl.ac.cn/api/en/resourceFile/download/1/1714157508394041380,FROM_GLC_Headers
Amazon_Extension,2019,FROM_GLC,2017,URL,https://data-starcloud.pcl.ac.cn/api/en/resourceFile/download/1/1714157508398235649,FROM_GLC_Headers
Amazon_Extension,2019,FROM_GLC,2017,URL,https://data-starcloud.pcl.ac.cn/api/en/resourceFile/download/1/1714157508394041397,FROM_GLC_Headers
Amazon_Extension,2019,FROM_GLC,2017,URL,https://data-starcloud.pcl.ac.cn/api/en/resourceFile/download/1/1714157508402429995,FROM_GLC_Headers
Amazon_Extension,2019,FROM_GLC,2017,URL,https://data-starcloud.pcl.ac.cn/api/en/resourceFile/download/1/1714157508406624261,FROM_GLC_Headers
Amazon_Extension,2019,FROM_GLC,2017,URL,https://data-starcloud.pcl.ac.cn/api/en/resourceFile/download/1/1714157508406624264,FROM_GLC_Headers
Amazon_Extension,2019,FROM_GLC,2017,URL,https://data-starcloud.pcl.ac.cn/api/en/resourceFile/download/1/1714157508415012915,FROM_GLC_Headers
Amazon_Extension,2019,FROM_GLC,2017,URL,https://data-starcloud.pcl.ac.cn/api/en/resourceFile/download/1/1714157508410818569,FROM_GLC_Headers
Amazon_Extension,2019,FROM_GLC,2017,URL,https://data-starcloud.pcl.ac.cn/api/en/resourceFile/download/1/1714157508415012870,FROM_GLC_Headers
Amazon_Extension,2019,FROM_GLC,2017,URL,https://data-starcloud.pcl.ac.cn/api/en/resourceFile/download/1/1714157508406624300,FROM_GLC_Headers
Amazon_Extension,2019,FROM_GLC,2017,URL,https://data-starcloud.pcl.ac.cn/api/en/resourceFile/download/1/1714157508415012910,FROM_GLC_Headers
Amazon_Extension,2019,FROM_GLC,2017,URL,https://data-starcloud.pcl.ac.cn/api/en/resourceFile/download/1/1714157508415012873,FROM_GLC_Headers
Amazon_Extension,2019,FROM_GLC,2017,URL,https://data-starcloud.pcl.ac.cn/api/en/resourceFile/download/1/1714157508419207168,FROM_GLC_Headers
Amazon_Extension,2019,FROM_GLC,2017,URL,https://data-starcloud.pcl.ac.cn/api/en/resourceFile/download/1/1714157508419207180,FROM_GLC_Headers
Amazon_Extension,2019,FROM_GLC,2017,URL,https://data-starcloud.pcl.ac.cn/api/en/resourceFile/download/1/1714157508419207200,FROM_GLC_Headers
Amazon_Extension,2019,FROM_GLC,2017,URL,https://data-starcloud.pcl.ac.cn/api/en/resourceFile/download/1/1714157508419207175,FROM_GLC_Headers
Amazon_Extension,2019,FROM_GLC,2017,URL,https://data-starcloud.pcl.ac.cn/api/en/resourceFile/download/1/1714157508415012921,FROM_GLC_Headers
Amazon_Extension,2019,FROM_GLC,2017,URL,https://data-starcloud.pcl.ac.cn/api/en/resourceFile/download/1/1714157508427595799,FROM_GLC_Headers
Amazon_Extension,2019,FROM_GLC,2017,URL,https://data-starcloud.pcl.ac.cn/api/en/resourceFile/download/1/1714157508427595812,FROM_GLC_Headers
Amazon_Extension,2019,FROM_GLC,2017,URL,https://data-starcloud.pcl.ac.cn/api/en/resourceFile/download/1/1714157508427595787,FROM_GLC_Headers
Amazon_Extension,2019,FROM_GLC,2017,URL,https://data-starcloud.pcl.ac.cn/api/en/resourceFile/download/1/1714157508423401505,FROM_GLC_Headers
Amazon_Extension,2019,FROM_GLC,2017,URL,https://data-starcloud.pcl.ac.cn/api/en/resourceFile/download/1/1714157508427595806,FROM_GLC_Headers
Amazon_Extension,2019,FROM_GLC,2017,URL,https://data-starcloud.pcl.ac.cn/api/en/resourceFile/download/1/1714157508423401527,FROM_GLC_Headers
Amazon_Extension,2019,FROM_GLC,2017,URL,https://data-starcloud.pcl.ac.cn/api/en/resourceFile/download/1/1714157508427595791,FROM_GLC_Headers
Amazon_Extension,2019,FROM_GLC,2017,URL,https://data-starcloud.pcl.ac.cn/api/en/resourceFile/download/1/1714157508427595829,FROM_GLC_Headers
Amazon_Extension,2019,FROM_GLC,2017,URL,https://data-starcloud.pcl.ac.cn/api/en/resourceFile/download/1/1714157508423401519,FROM_GLC_Headers
Amazon_Extension,2019,FROM_GLC,2017,URL,https://data-starcloud.pcl.ac.cn/api/en/resourceFile/download/1/1714157508423401521,FROM_GLC_Headers
Amazon_Extension,2019,FROM_GLC,2017,URL,https://data-starcloud.pcl.ac.cn/api/en/resourceFile/download/1/1714157508431790088,FROM_GLC_Headers
Amazon_Extension,2019,FROM_GLC,2017,URL,https://data-starcloud.pcl.ac.cn/api/en/resourceFile/download/1/1714157508435984422,FROM_GLC_Headers
Amazon_Extension,2019,FROM_GLC,2017,URL,https://data-starcloud.pcl.ac.cn/api/en/resourceFile/download/1/1714157508435984416,FROM_GLC_Headers
Amazon_Extension,2019,FROM_GLC,2017,URL,https://data-starcloud.pcl.ac.cn/api/en/resourceFile/download/1/1714157508431790087,FROM_GLC_Headers
Amazon_Extension,2019,FROM_GLC,2017,URL,https://data-starcloud.pcl.ac.cn/api/en/resourceFile/download/1/1714157508431790114,FROM_GLC_Headers
Amazon_Extension,2019,FROM_GLC,2017,URL,https://data-starcloud.pcl.ac.cn/api/en/resourceFile/download/1/1714157508435984384,FROM_GLC_Headers
Amazon_Extension,2019,FROM_GLC,2017,URL,https://data-starcloud.pcl.ac.cn/api/en/resourceFile/download/1/1714157508431790134,FROM_GLC_Headers
Amazon_Extension,2019,FROM_GLC,2017,URL,https://data-starcloud.pcl.ac.cn/api/en/resourceFile/download/1/1714157508435984445,FROM_GLC_Headers
Amazon_Extension,2019,FROM_GLC,2017,URL,https://data-starcloud.pcl.ac.cn/api/en/resourceFile/download/1/1714157508440178692,FROM_GLC_Headers
Amazon_Extension,2019,FROM_GLC,2017,URL,https://data-starcloud.pcl.ac.cn/api/en/resourceFile/download/1/1714157508435984443,FROM_GLC_Headers
Amazon_Extension,2019,FROM_GLC,2017,URL,https://data-starcloud.pcl.ac.cn/api/en/resourceFile/download/1/1714157508440178717,FROM_GLC_Headers
Amazon_Extension,2019,FROM_GLC,2017,URL,https://data-starcloud.pcl.ac.cn/api/en/resourceFile/download/1/1714157508435984433,FROM_GLC_Headers
Amazon_Extension,2019,FROM_GLC,2017,URL,https://data-starcloud.pcl.ac.cn/api/en/resourceFile/download/1/1714157508440178705,FROM_GLC_Headers
Amazon_Extension,2019,FROM_GLC,2017,URL,https://data-starcloud.pcl.ac.cn/api/en/resourceFile/download/1/1714157508440178722,FROM_GLC_Headers
Amazon_Extension,2019,FROM_GLC,2017,URL,https://data-starcloud.pcl.ac.cn/api/en/resourceFile/download/1/1714157508435984438,FROM_GLC_Headers
Amazon_Extension,2019,FROM_GLC,2017,URL,https://data-starcloud.pcl.ac.cn/api/en/resourceFile/download/1/1714157508448567351,FROM_GLC_Headers
Amazon_Extension,2019,FROM_GLC,2017,URL,https://data-starcloud.pcl.ac.cn/api/en/resourceFile/download/1/1714157508448567307,FROM_GLC_Headers
Amazon_Extension,2019,FROM_GLC,2017,URL,https://data-starcloud.pcl.ac.cn/api/en/resourceFile/download/1/1714157508444373046,FROM_GLC_Headers
Amazon_Extension,2019,FROM_GLC,2017,URL,https://data-starcloud.pcl.ac.cn/api/en/resourceFile/download/1/1714157508448567324,FROM_GLC_Headers
Amazon_Extension,2019,FROM_GLC,2017,URL,https://data-starcloud.pcl.ac.cn/api/en/resourceFile/download/1/1714157508444373024,FROM_GLC_Headers
Amazon_Extension,2019,FROM_GLC,2017,URL,https://data-starcloud.pcl.ac.cn/api/en/resourceFile/download/1/1714157508448567337,FROM_GLC_Headers
Amazon_Extension,2019,FROM_GLC,2017,URL,https://data-starcloud.pcl.ac.cn/api/en/resourceFile/download/1/1714157508444373017,FROM_GLC_Headers
Amazon_Extension,2019,FROM_GLC,2017,URL,https://data-starcloud.pcl.ac.cn/api/en/resourceFile/download/1/1714157508448567343,FROM_GLC_Headers
Amazon_Extension,2019,FROM_GLC,2017,URL,https://data-starcloud.pcl.ac.cn/api/en/resourceFile/download/1/1714157508452761638,FROM_GLC_Headers
Amazon_Extension,2019,FROM_GLC,2017,URL,https://data-starcloud.pcl.ac.cn/api/en/resourceFile/download/1/1714157508452761659,FROM_GLC_Headers
Amazon_Extension,2019,FROM_GLC,2017,URL,https://data-starcloud.pcl.ac.cn/api/en/resourceFile/download/1/1714157508456955904,FROM_GLC_Headers
Amazon_Extension,2019,FROM_GLC,2017,URL,https://data-starcloud.pcl.ac.cn/api/en/resourceFile/download/1/1714157508461150215,FROM_GLC_Headers
Amazon_Extension,2019,FROM_GLC,2017,URL,https://data-starcloud.pcl.ac.cn/api/en/resourceFile/download/1/1714157508461150214,FROM_GLC_Headers
Amazon_Extension,2019,FROM_GLC,2017,URL,https://data-starcloud.pcl.ac.cn/api/en/resourceFile/download/1/1714157508461150258,FROM_GLC_Headers
Amazon_Extension,2019,FROM_GLC,2017,URL,https://data-starcloud.pcl.ac.cn/api/en/resourceFile/download/1/1714157508461150216,FROM_GLC_Headers
Amazon_Extension,2019,FROM_GLC,2017,URL,https://data-starcloud.pcl.ac.cn/api/en/resourceFile/download/1/1714157508461150240,FROM_GLC_Headers
Amazon_Extension,2019,FROM_GLC,2017,URL,https://data-starcloud.pcl.ac.cn/api/en/resourceFile/download/1/1714157508465344540,FROM_GLC_Headers
Amazon_Extension,2019,FROM_GLC,2017,URL,https://data-starcloud.pcl.ac.cn/api/en/resourceFile/download/1/1714157508469538856,FROM_GLC_Headers
Amazon_Extension,2019,FROM_GLC,2017,URL,https://data-starcloud.pcl.ac.cn/api/en/resourceFile/download/1/1714157508465344524,FROM_GLC_Headers
Amazon_Extension,2019,FROM_GLC,2017,URL,https://data-starcloud.pcl.ac.cn/api/en/resourceFile/download/1/1714157508465344567,FROM_GLC_Headers
Amazon_Extension,2019,FROM_GLC,2017,URL,https://data-starcloud.pcl.ac.cn/api/en/resourceFile/download/1/1714157508469538818,FROM_GLC_Headers
Amazon_Extension,2019,FROM_GLC,2017,URL,https://data-starcloud.pcl.ac.cn/api/en/resourceFile/download/1/1714157508473733122,FROM_GLC_Headers
Amazon_Extension,2019,FROM_GLC,2017,URL,https://data-starcloud.pcl.ac.cn/api/en/resourceFile/download/1/1714157508473733133,FROM_GLC_Headers
Amazon_Extension,2019,FROM_GLC,2017,URL,https://data-starcloud.pcl.ac.cn/api/en/resourceFile/download/1/1714157508473733136,FROM_GLC_Headers
Amazon_Extension,2019,FROM_GLC,2017,URL,https://data-starcloud.pcl.ac.cn/api/en/resourceFile/download/1/1714157508473733142,FROM_GLC_Headers
Amazon_Extension,2019,FROM_GLC,2017,URL,https://data-starcloud.pcl.ac.cn/api/en/resourceFile/download/1/1714157508469538874,FROM_GLC_Headers
